file,GPT4o-O0,GPT4o-O1,GPT4o-O2,GPT4o-O3
0,Compilation Failed,Compilation Failed,Compilation Failed,Compilation Failed
1,Compilation Failed,Compilation Failed,Compilation Failed,Compilation Failed
2,Passed,Passed,Passed,Passed
3,Compilation Failed,Compilation Failed,Compilation Failed,Compilation Failed
4,Compilation Failed,Compilation Failed,Compilation Failed,Compilation Failed
5,Compilation Failed,Compilation Failed,Compilation Failed,Compilation Failed
6,Compilation Failed,Compilation Failed,Compilation Failed,Compilation Failed
7,Compilation Failed,Compilation Failed,Compilation Failed,Compilation Failed
8,Compilation Failed,Compilation Failed,Compilation Failed,Compilation Failed
9,Compilation Failed,Compilation Failed,Compilation Failed,Compilation Failed
10,Compilation Failed,Execution Failed,Execution Failed,Execution Failed
11,Compilation Failed,Compilation Failed,Compilation Failed,Compilation Failed
12,Compilation Failed,Compilation Failed,Compilation Failed,Compilation Failed
13,Compilation Failed,Compilation Failed,Compilation Failed,Compilation Failed
14,Compilation Failed,Compilation Failed,Compilation Failed,Compilation Failed
15,Compilation Failed,Compilation Failed,Compilation Failed,Compilation Failed
16,Passed,Compilation Failed,Passed,Passed
17,Compilation Failed,Compilation Failed,Compilation Failed,Compilation Failed
18,Execution Failed,Execution Failed,Execution Failed,Compilation Failed
19,Decompilation Failed,Compilation Failed,Compilation Failed,Compilation Failed
20,Compilation Failed,Compilation Failed,Compilation Failed,Compilation Failed
21,Compilation Failed,Compilation Failed,Compilation Failed,Compilation Failed
22,Compilation Failed,Compilation Failed,Compilation Failed,Compilation Failed
23,Passed,Passed,Passed,Passed
24,Compilation Failed,Compilation Failed,Compilation Failed,Compilation Failed
25,Compilation Failed,Compilation Failed,Compilation Failed,Compilation Failed
26,Compilation Failed,Compilation Failed,Compilation Failed,Compilation Failed
27,Compilation Failed,Compilation Failed,Compilation Failed,Compilation Failed
28,Compilation Failed,Compilation Failed,Compilation Failed,Compilation Failed
29,Compilation Failed,Compilation Failed,Compilation Failed,Compilation Failed
30,Compilation Failed,Compilation Failed,Compilation Failed,Compilation Failed
31,Passed,Passed,Passed,Passed
32,Compilation Failed,Compilation Failed,Compilation Failed,Compilation Failed
33,Compilation Failed,Compilation Failed,Compilation Failed,Compilation Failed
34,Compilation Failed,Compilation Failed,Compilation Failed,Compilation Failed
35,Compilation Failed,Compilation Failed,Passed,Compilation Failed
36,Compilation Failed,Execution Failed,Compilation Failed,Compilation Failed
37,Compilation Failed,Compilation Failed,Compilation Failed,Compilation Failed
38,Compilation Failed,Compilation Failed,Compilation Failed,Compilation Failed
39,Compilation Failed,Compilation Failed,Compilation Failed,Compilation Failed
40,Compilation Failed,Passed,Compilation Failed,Compilation Failed
41,Compilation Failed,Compilation Failed,Compilation Failed,Compilation Failed
42,Compilation Failed,Compilation Failed,Compilation Failed,Compilation Failed
43,Compilation Failed,Compilation Failed,Execution Failed,Passed
44,Compilation Failed,Compilation Failed,Compilation Failed,Compilation Failed
45,Compilation Failed,Compilation Failed,Compilation Failed,Compilation Failed
46,Compilation Failed,Compilation Failed,Compilation Failed,Compilation Failed
47,Compilation Failed,Compilation Failed,Compilation Failed,Compilation Failed
48,Compilation Failed,Execution Failed,Passed,Compilation Failed
49,Compilation Failed,Compilation Failed,Compilation Failed,Compilation Failed
50,Compilation Failed,Compilation Failed,Compilation Failed,Compilation Failed
51,Passed,Compilation Failed,Compilation Failed,Compilation Failed
52,Passed,Compilation Failed,Compilation Failed,Compilation Failed
53,Compilation Failed,Compilation Failed,Compilation Failed,Compilation Failed
54,Execution Failed,Execution Failed,Execution Failed,Execution Failed
55,Compilation Failed,Compilation Failed,Compilation Failed,Compilation Failed
56,Passed,Passed,Execution Failed,Passed
57,Compilation Failed,Compilation Failed,Execution Failed,Execution Failed
58,Compilation Failed,Compilation Failed,Compilation Failed,Compilation Failed
59,Compilation Failed,Compilation Failed,Compilation Failed,Compilation Failed
60,Compilation Failed,Compilation Failed,Compilation Failed,Compilation Failed
61,Passed,Passed,Execution Failed,Passed
62,Compilation Failed,Compilation Failed,Compilation Failed,Compilation Failed
63,Compilation Failed,Compilation Failed,Compilation Failed,Compilation Failed
64,Execution Failed,Execution Failed,Execution Failed,Execution Failed
65,Compilation Failed,Compilation Failed,Compilation Failed,Compilation Failed
66,Execution Failed,Passed,Compilation Failed,Execution Failed
67,Compilation Failed,Execution Failed,Execution Failed,Passed
68,Compilation Failed,Compilation Failed,Compilation Failed,Compilation Failed
69,Compilation Failed,Compilation Failed,Compilation Failed,Compilation Failed
70,Compilation Failed,Compilation Failed,Compilation Failed,Compilation Failed
71,Execution Failed,Passed,Execution Failed,Passed
72,Compilation Failed,Compilation Failed,Execution Failed,Compilation Failed
73,Compilation Failed,Compilation Failed,Execution Failed,Compilation Failed
74,Compilation Failed,Compilation Failed,Compilation Failed,Compilation Failed
75,Execution Failed,Compilation Failed,Compilation Failed,Compilation Failed
76,Execution Failed,Execution Failed,Execution Failed,Compilation Failed
77,Compilation Failed,Compilation Failed,Compilation Failed,Compilation Failed
78,Compilation Failed,Execution Failed,Execution Failed,Execution Failed
79,Compilation Failed,Compilation Failed,Compilation Failed,Compilation Failed
80,Execution Failed,Execution Failed,Execution Failed,Execution Failed
81,Compilation Failed,Compilation Failed,Compilation Failed,Compilation Failed
82,Passed,Passed,Execution Failed,Passed
83,Compilation Failed,Compilation Failed,Compilation Failed,Compilation Failed
84,Compilation Failed,Compilation Failed,Compilation Failed,Compilation Failed
85,Compilation Failed,Compilation Failed,Compilation Failed,Compilation Failed
86,Compilation Failed,Compilation Failed,Compilation Failed,Compilation Failed
87,Compilation Failed,Compilation Failed,Compilation Failed,Compilation Failed
88,Compilation Failed,Compilation Failed,Compilation Failed,Compilation Failed
89,Passed,Compilation Failed,Compilation Failed,Compilation Failed
90,Compilation Failed,Compilation Failed,Compilation Failed,Compilation Failed
91,Execution Failed,Execution Failed,Execution Failed,Execution Failed
92,Compilation Failed,Execution Failed,Execution Failed,Execution Failed
93,Compilation Failed,Compilation Failed,Compilation Failed,Compilation Failed
94,Compilation Failed,Compilation Failed,Compilation Failed,Compilation Failed
95,Compilation Failed,Compilation Failed,Compilation Failed,Compilation Failed
96,Compilation Failed,Compilation Failed,Compilation Failed,Compilation Failed
97,Passed,Passed,Passed,Passed
98,Compilation Failed,Compilation Failed,Execution Failed,Execution Failed
99,Passed,Passed,Passed,Passed
100,Compilation Failed,Compilation Failed,Compilation Failed,Compilation Failed
101,Compilation Failed,Compilation Failed,Compilation Failed,Compilation Failed
102,Compilation Failed,Compilation Failed,Compilation Failed,Compilation Failed
103,Execution Failed,Compilation Failed,Compilation Failed,Compilation Failed
104,Compilation Failed,Compilation Failed,Compilation Failed,Compilation Failed
105,Decompilation Failed,Compilation Failed,Compilation Failed,Compilation Failed
106,Compilation Failed,Compilation Failed,Compilation Failed,Compilation Failed
107,Compilation Failed,Compilation Failed,Compilation Failed,Compilation Failed
108,Compilation Failed,Compilation Failed,Compilation Failed,Execution Failed
109,Compilation Failed,Compilation Failed,Compilation Failed,Compilation Failed
110,Compilation Failed,Compilation Failed,Compilation Failed,Compilation Failed
111,Compilation Failed,Compilation Failed,Compilation Failed,Compilation Failed
112,Compilation Failed,Compilation Failed,Compilation Failed,Compilation Failed
113,Compilation Failed,Compilation Failed,Compilation Failed,Compilation Failed
114,Compilation Failed,Compilation Failed,Compilation Failed,Compilation Failed
115,Compilation Failed,Compilation Failed,Compilation Failed,Compilation Failed
116,Compilation Failed,Compilation Failed,Compilation Failed,Compilation Failed
117,Compilation Failed,Compilation Failed,Compilation Failed,Compilation Failed
118,Compilation Failed,Execution Failed,Compilation Failed,Compilation Failed
119,Compilation Failed,Compilation Failed,Compilation Failed,Compilation Failed
120,Compilation Failed,Compilation Failed,Compilation Failed,Compilation Failed
121,Compilation Failed,Compilation Failed,Compilation Failed,Compilation Failed
122,Compilation Failed,Compilation Failed,Compilation Failed,Compilation Failed
123,Compilation Failed,Compilation Failed,Compilation Failed,Compilation Failed
124,Execution Failed,Execution Failed,Execution Failed,Execution Failed
125,Compilation Failed,Compilation Failed,Compilation Failed,Compilation Failed
126,Execution Failed,Execution Failed,Execution Failed,Execution Failed
127,Compilation Failed,Compilation Failed,Compilation Failed,Compilation Failed
128,Compilation Failed,Compilation Failed,Compilation Failed,Compilation Failed
129,Compilation Failed,Compilation Failed,Compilation Failed,Compilation Failed
130,Compilation Failed,Compilation Failed,Compilation Failed,Compilation Failed
131,Compilation Failed,Compilation Failed,Compilation Failed,Compilation Failed
132,Execution Failed,Execution Failed,Execution Failed,Execution Failed
133,Execution Failed,Compilation Failed,Passed,Passed
134,Execution Failed,Execution Failed,Execution Failed,Execution Failed
135,Compilation Failed,Compilation Failed,Compilation Failed,Compilation Failed
136,Compilation Failed,Compilation Failed,Compilation Failed,Compilation Failed
137,Compilation Failed,Compilation Failed,Compilation Failed,Compilation Failed
138,Passed,Compilation Failed,Compilation Failed,Compilation Failed
139,Passed,Execution Failed,Execution Failed,Execution Failed
140,Compilation Failed,Compilation Failed,Compilation Failed,Compilation Failed
141,Compilation Failed,Compilation Failed,Compilation Failed,Compilation Failed
142,Compilation Failed,Compilation Failed,Compilation Failed,Compilation Failed
143,Compilation Failed,Compilation Failed,Compilation Failed,Compilation Failed
144,Execution Failed,Execution Failed,Execution Failed,Compilation Failed
145,Compilation Failed,Compilation Failed,Compilation Failed,Compilation Failed
146,Compilation Failed,Compilation Failed,Compilation Failed,Compilation Failed
147,Decompilation Failed,Execution Failed,Compilation Failed,Compilation Failed
148,Compilation Failed,Compilation Failed,Compilation Failed,Compilation Failed
149,Compilation Failed,Compilation Failed,Compilation Failed,Compilation Failed
150,Execution Failed,Execution Failed,Execution Failed,Execution Failed
151,Compilation Failed,Compilation Failed,Compilation Failed,Compilation Failed
152,Compilation Failed,Compilation Failed,Compilation Failed,Compilation Failed
153,Execution Failed,Compilation Failed,Compilation Failed,Compilation Failed
154,Execution Failed,Execution Failed,Execution Failed,Execution Failed
155,Compilation Failed,Compilation Failed,Compilation Failed,Compilation Failed
156,Compilation Failed,Compilation Failed,Compilation Failed,Compilation Failed
157,Passed,Passed,Passed,Passed
158,Compilation Failed,Compilation Failed,Compilation Failed,Compilation Failed
159,Compilation Failed,Compilation Failed,Compilation Failed,Compilation Failed
160,Compilation Failed,Compilation Failed,Execution Failed,Execution Failed
161,Compilation Failed,Compilation Failed,Compilation Failed,Compilation Failed
162,Compilation Failed,Compilation Failed,Compilation Failed,Compilation Failed
163,Compilation Failed,Compilation Failed,Compilation Failed,Compilation Failed
