file,opt -O0,opt -O1,opt -O2,opt -O3,LOC
0,Compilation Failed,Compilation Failed,Compilation Failed,Compilation Failed,92
1,Compilation Failed,Compilation Failed,Compilation Failed,Compilation Failed,590
2,Passed,Passed,Passed,Passed,21
3,Compilation Failed,Compilation Failed,Compilation Failed,Compilation Failed,74
4,Compilation Failed,Compilation Failed,Compilation Failed,Compilation Failed,203
5,Compilation Failed,Compilation Failed,Compilation Failed,Compilation Failed,309
6,Compilation Failed,Compilation Failed,Compilation Failed,Compilation Failed,323
7,Compilation Failed,Compilation Failed,Compilation Failed,Compilation Failed,503
8,Compilation Failed,Compilation Failed,Compilation Failed,Compilation Failed,198
9,Compilation Failed,Compilation Failed,Compilation Failed,Compilation Failed,199
10,Compilation Failed,Execution Failed,Execution Failed,Execution Failed,1523
11,Compilation Failed,Compilation Failed,Compilation Failed,Compilation Failed,135
12,Compilation Failed,Compilation Failed,Compilation Failed,Compilation Failed,116
13,Compilation Failed,Compilation Failed,Compilation Failed,Compilation Failed,33
14,Compilation Failed,Compilation Failed,Compilation Failed,Compilation Failed,680
15,Compilation Failed,Compilation Failed,Compilation Failed,Compilation Failed,483
16,Passed,Compilation Failed,Passed,Passed,279
17,Compilation Failed,Compilation Failed,Compilation Failed,Compilation Failed,670
18,Execution Failed,Execution Failed,Execution Failed,Compilation Failed,194
19,Decompilation Failed,Compilation Failed,Compilation Failed,Compilation Failed,3255
20,Compilation Failed,Compilation Failed,Compilation Failed,Compilation Failed,394
21,Compilation Failed,Compilation Failed,Compilation Failed,Compilation Failed,229
22,Compilation Failed,Compilation Failed,Compilation Failed,Compilation Failed,1501
23,Passed,Passed,Passed,Passed,32
24,Compilation Failed,Compilation Failed,Compilation Failed,Compilation Failed,38
25,Compilation Failed,Compilation Failed,Compilation Failed,Compilation Failed,281
26,Compilation Failed,Compilation Failed,Compilation Failed,Compilation Failed,757
27,Compilation Failed,Compilation Failed,Compilation Failed,Compilation Failed,267
28,Compilation Failed,Compilation Failed,Compilation Failed,Compilation Failed,269
29,Compilation Failed,Compilation Failed,Compilation Failed,Compilation Failed,601
30,Compilation Failed,Compilation Failed,Compilation Failed,Compilation Failed,202
31,Passed,Passed,Passed,Passed,43
32,Compilation Failed,Compilation Failed,Compilation Failed,Compilation Failed,407
33,Compilation Failed,Compilation Failed,Compilation Failed,Compilation Failed,1343
34,Compilation Failed,Compilation Failed,Compilation Failed,Compilation Failed,1231
35,Compilation Failed,Compilation Failed,Passed,Compilation Failed,111
36,Compilation Failed,Execution Failed,Compilation Failed,Compilation Failed,55
37,Compilation Failed,Compilation Failed,Compilation Failed,Compilation Failed,1347
38,Compilation Failed,Compilation Failed,Compilation Failed,Compilation Failed,1042
39,Compilation Failed,Compilation Failed,Compilation Failed,Compilation Failed,59
40,Compilation Failed,Passed,Compilation Failed,Compilation Failed,102
41,Compilation Failed,Compilation Failed,Compilation Failed,Compilation Failed,19
42,Compilation Failed,Compilation Failed,Compilation Failed,Compilation Failed,157
43,Compilation Failed,Compilation Failed,Execution Failed,Passed,85
44,Compilation Failed,Compilation Failed,Compilation Failed,Compilation Failed,326
45,Compilation Failed,Compilation Failed,Compilation Failed,Compilation Failed,20
46,Compilation Failed,Compilation Failed,Compilation Failed,Compilation Failed,119
47,Compilation Failed,Compilation Failed,Compilation Failed,Compilation Failed,985
48,Compilation Failed,Execution Failed,Passed,Compilation Failed,293
49,Compilation Failed,Compilation Failed,Compilation Failed,Compilation Failed,67
50,Compilation Failed,Compilation Failed,Compilation Failed,Compilation Failed,464
51,Passed,Compilation Failed,Compilation Failed,Compilation Failed,407
52,Passed,Compilation Failed,Compilation Failed,Compilation Failed,72
53,Compilation Failed,Compilation Failed,Compilation Failed,Compilation Failed,19
54,Execution Failed,Execution Failed,Execution Failed,Execution Failed,415
55,Compilation Failed,Compilation Failed,Compilation Failed,Compilation Failed,126
56,Passed,Passed,Execution Failed,Passed,68
57,Compilation Failed,Compilation Failed,Execution Failed,Execution Failed,128
58,Compilation Failed,Compilation Failed,Compilation Failed,Compilation Failed,1348
59,Compilation Failed,Compilation Failed,Compilation Failed,Compilation Failed,51
60,Compilation Failed,Compilation Failed,Compilation Failed,Compilation Failed,21
61,Passed,Passed,Execution Failed,Passed,68
62,Compilation Failed,Compilation Failed,Compilation Failed,Compilation Failed,203
63,Compilation Failed,Compilation Failed,Compilation Failed,Compilation Failed,110
64,Execution Failed,Execution Failed,Execution Failed,Execution Failed,148
65,Compilation Failed,Compilation Failed,Compilation Failed,Compilation Failed,828
66,Execution Failed,Passed,Compilation Failed,Execution Failed,164
67,Compilation Failed,Execution Failed,Execution Failed,Passed,495
68,Compilation Failed,Compilation Failed,Compilation Failed,Compilation Failed,219
69,Compilation Failed,Compilation Failed,Compilation Failed,Compilation Failed,459
70,Compilation Failed,Compilation Failed,Compilation Failed,Compilation Failed,1310
71,Execution Failed,Passed,Execution Failed,Passed,49
72,Compilation Failed,Compilation Failed,Execution Failed,Compilation Failed,77
73,Compilation Failed,Compilation Failed,Execution Failed,Compilation Failed,64
74,Compilation Failed,Compilation Failed,Compilation Failed,Compilation Failed,210
75,Execution Failed,Compilation Failed,Compilation Failed,Compilation Failed,56
76,Execution Failed,Execution Failed,Execution Failed,Compilation Failed,39
77,Compilation Failed,Compilation Failed,Compilation Failed,Compilation Failed,37
78,Compilation Failed,Execution Failed,Execution Failed,Execution Failed,124
79,Compilation Failed,Compilation Failed,Compilation Failed,Compilation Failed,627
80,Execution Failed,Execution Failed,Execution Failed,Execution Failed,77
81,Compilation Failed,Compilation Failed,Compilation Failed,Compilation Failed,1564
82,Passed,Passed,Execution Failed,Passed,57
83,Compilation Failed,Compilation Failed,Compilation Failed,Compilation Failed,110
84,Compilation Failed,Compilation Failed,Compilation Failed,Compilation Failed,575
85,Compilation Failed,Compilation Failed,Compilation Failed,Compilation Failed,143
86,Compilation Failed,Compilation Failed,Compilation Failed,Compilation Failed,1729
87,Compilation Failed,Compilation Failed,Compilation Failed,Compilation Failed,327
88,Compilation Failed,Compilation Failed,Compilation Failed,Compilation Failed,1166
89,Passed,Compilation Failed,Compilation Failed,Compilation Failed,260
90,Compilation Failed,Compilation Failed,Compilation Failed,Compilation Failed,988
91,Execution Failed,Execution Failed,Execution Failed,Execution Failed,123
92,Compilation Failed,Execution Failed,Execution Failed,Execution Failed,46
93,Compilation Failed,Compilation Failed,Compilation Failed,Compilation Failed,401
94,Compilation Failed,Compilation Failed,Compilation Failed,Compilation Failed,439
95,Compilation Failed,Compilation Failed,Compilation Failed,Compilation Failed,204
96,Compilation Failed,Compilation Failed,Compilation Failed,Compilation Failed,237
97,Passed,Passed,Passed,Passed,27
98,Compilation Failed,Compilation Failed,Execution Failed,Execution Failed,122
99,Passed,Passed,Passed,Passed,45
100,Compilation Failed,Compilation Failed,Compilation Failed,Compilation Failed,181
101,Compilation Failed,Compilation Failed,Compilation Failed,Compilation Failed,852
102,Compilation Failed,Compilation Failed,Compilation Failed,Compilation Failed,35
103,Execution Failed,Compilation Failed,Compilation Failed,Compilation Failed,383
104,Compilation Failed,Compilation Failed,Compilation Failed,Compilation Failed,1150
105,Decompilation Failed,Compilation Failed,Compilation Failed,Compilation Failed,2587
106,Compilation Failed,Compilation Failed,Compilation Failed,Compilation Failed,266
107,Compilation Failed,Compilation Failed,Compilation Failed,Compilation Failed,482
108,Compilation Failed,Compilation Failed,Compilation Failed,Execution Failed,91
109,Compilation Failed,Compilation Failed,Compilation Failed,Compilation Failed,130
110,Compilation Failed,Compilation Failed,Compilation Failed,Compilation Failed,318
111,Compilation Failed,Compilation Failed,Compilation Failed,Compilation Failed,866
112,Compilation Failed,Compilation Failed,Compilation Failed,Compilation Failed,1250
113,Compilation Failed,Compilation Failed,Compilation Failed,Compilation Failed,1069
114,Compilation Failed,Compilation Failed,Compilation Failed,Compilation Failed,100
115,Compilation Failed,Compilation Failed,Compilation Failed,Compilation Failed,217
116,Compilation Failed,Compilation Failed,Compilation Failed,Compilation Failed,295
117,Compilation Failed,Compilation Failed,Compilation Failed,Compilation Failed,1003
118,Compilation Failed,Execution Failed,Compilation Failed,Compilation Failed,438
119,Compilation Failed,Compilation Failed,Compilation Failed,Compilation Failed,545
120,Compilation Failed,Compilation Failed,Compilation Failed,Compilation Failed,1023
121,Compilation Failed,Compilation Failed,Compilation Failed,Compilation Failed,145
122,Compilation Failed,Compilation Failed,Compilation Failed,Compilation Failed,155
123,Compilation Failed,Compilation Failed,Compilation Failed,Compilation Failed,1137
124,Execution Failed,Execution Failed,Execution Failed,Execution Failed,294
125,Compilation Failed,Compilation Failed,Compilation Failed,Compilation Failed,1876
126,Execution Failed,Execution Failed,Execution Failed,Execution Failed,77
127,Compilation Failed,Compilation Failed,Compilation Failed,Compilation Failed,121
128,Compilation Failed,Compilation Failed,Compilation Failed,Compilation Failed,119
129,Compilation Failed,Compilation Failed,Compilation Failed,Compilation Failed,472
130,Compilation Failed,Compilation Failed,Compilation Failed,Compilation Failed,323
131,Compilation Failed,Compilation Failed,Compilation Failed,Compilation Failed,218
132,Execution Failed,Execution Failed,Execution Failed,Execution Failed,82
133,Execution Failed,Compilation Failed,Passed,Passed,109
134,Execution Failed,Execution Failed,Execution Failed,Execution Failed,76
135,Compilation Failed,Compilation Failed,Compilation Failed,Compilation Failed,121
136,Compilation Failed,Compilation Failed,Compilation Failed,Compilation Failed,119
137,Compilation Failed,Compilation Failed,Compilation Failed,Compilation Failed,3311
138,Passed,Compilation Failed,Compilation Failed,Compilation Failed,22
139,Passed,Execution Failed,Execution Failed,Execution Failed,93
140,Compilation Failed,Compilation Failed,Compilation Failed,Compilation Failed,1274
141,Compilation Failed,Compilation Failed,Compilation Failed,Compilation Failed,311
142,Compilation Failed,Compilation Failed,Compilation Failed,Compilation Failed,87
143,Compilation Failed,Compilation Failed,Compilation Failed,Compilation Failed,751
144,Execution Failed,Execution Failed,Execution Failed,Compilation Failed,435
145,Compilation Failed,Compilation Failed,Compilation Failed,Compilation Failed,518
146,Compilation Failed,Compilation Failed,Compilation Failed,Compilation Failed,213
147,Decompilation Failed,Execution Failed,Compilation Failed,Compilation Failed,2294
148,Compilation Failed,Compilation Failed,Compilation Failed,Compilation Failed,1094
149,Compilation Failed,Compilation Failed,Compilation Failed,Compilation Failed,2315
150,Execution Failed,Execution Failed,Execution Failed,Execution Failed,41
151,Compilation Failed,Compilation Failed,Compilation Failed,Compilation Failed,90
152,Compilation Failed,Compilation Failed,Compilation Failed,Compilation Failed,206
153,Execution Failed,Compilation Failed,Compilation Failed,Compilation Failed,389
154,Execution Failed,Execution Failed,Execution Failed,Execution Failed,338
155,Compilation Failed,Compilation Failed,Compilation Failed,Compilation Failed,293
156,Compilation Failed,Compilation Failed,Compilation Failed,Compilation Failed,1044
157,Passed,Passed,Passed,Passed,54
158,Compilation Failed,Compilation Failed,Compilation Failed,Compilation Failed,509
159,Compilation Failed,Compilation Failed,Compilation Failed,Compilation Failed,82
160,Compilation Failed,Compilation Failed,Execution Failed,Execution Failed,510
161,Compilation Failed,Compilation Failed,Compilation Failed,Compilation Failed,538
162,Compilation Failed,Compilation Failed,Compilation Failed,Compilation Failed,485
163,Compilation Failed,Compilation Failed,Compilation Failed,Compilation Failed,189
